,customer_id,probability_of_churn,prediction_of_churn
3160,4531-AUZNK,0.12246921434792683,0
1577,2296-DKZFP,0.00798443103956711,0
6823,9692-TUSXH,0.5951383336889051,1
3615,5129-JLPIS,0.5000504543486516,1
882,1273-MTETI,0.7816273150938624,1
6193,8757-TFHHJ,0.36175843147039277,0
908,1322-AGOQM,0.07506462819741608,0
510,0743-HRVFF,0.09730190686484902,0
644,0943-ZQPXH,0.36779651080364767,0
2761,3932-CMDTD,0.44715888051666697,0
4889,6892-BOGQE,0.0021763329659435144,0
131,0224-HJAPT,0.4649264891830131,0
1673,2439-LYPMQ,0.6031418366284509,1
5623,7924-GJZFI,0.5407054754592899,1
559,0823-HSCDJ,0.23307908779240608,0
3401,4826-TZEVA,0.19031464659663486,0
3643,5151-HQRDG,0.1227660372165013,0
4792,6734-GMPVK,0.6637662853458177,1
2777,3951-NJCVI,0.6035611454509096,1
503,0733-VUNUW,0.21288584008911438,0
2497,3571-DPYUH,0.10921564929352429,0
6925,9824-QCJPK,0.01676190958202645,0
5595,7876-DNYAP,0.0015398716726784693,0
2733,3890-RTCMS,0.24400486473370556,0
5379,7594-RQHXR,0.7138351616479791,1
2259,3229-USWAR,0.08047486785671366,0
4252,5995-LFTLE,0.006634268809328098,0
1010,1456-TWCGB,0.2843125064216141,0
1065,1552-TKMXS,0.025944070131562812,0
2292,3276-HDUEG,0.6676973526426551,1
186,0302-JOIVN,0.5771740024947117,1
1952,2830-LEWOA,0.08595220659269853,0
4005,5649-TJHOV,0.27983245646616745,0
4163,5886-VLQVU,0.38455470090195165,0
962,1395-WSWXR,0.022447268298796334,0
4623,6518-LGAOV,0.5455653025404088,1
3146,4514-GFCFI,0.7327770688793999,1
1118,1635-FJFCC,0.40128015470896133,0
5402,7611-YKYTC,0.2427081965545902,0
4121,5829-NVSQN,0.08288921753116521,0
264,0394-YONDK,0.002059985299158447,0
676,0991-BRRFB,0.21544235883369292,0
4237,5980-BDHPY,0.016893125598065863,0
5868,8249-THVEC,0.006696516852647321,0
3556,5039-LZRQT,0.06318553787608944,0
6440,9115-YQHGA,0.14624626073892283,0
5806,8174-LNWMW,0.015346370364061463,0
3555,5038-ETMLM,0.06875908535990202,0
4836,6815-ABQFQ,0.24519180627629972,0
5748,8086-OVPWV,0.7327553915761296,1
3878,5451-MHQOF,0.009979878793050085,0
1339,1991-VOPLL,0.15242187324855477,0
4777,6725-TPKJO,0.007303328952968276,0
6276,8879-ZKJOF,0.06615844757566143,0
2519,3597-YASZG,0.10098563376257348,0
2064,2969-WGHQO,0.13736922090202022,0
5680,8006-PYCSW,0.2116415442789455,0
2338,3347-YJZZE,0.18874870623114182,0
1150,1696-MZVAU,0.07089555227758873,0
4200,5931-FLJJF,0.6008067293010556,1
2403,3440-JPSCL,0.5834600708783034,1
5622,7923-IYJWY,0.10577385932124915,0
6155,8718-PTMEZ,0.4785319998689042,0
40,0067-DKWBL,0.4916490254770608,0
4701,6625-IUTTT,0.009878542213881831,0
6099,8637-XJIVR,0.5845458888559973,1
1721,2509-TFPJU,0.002059819132610075,0
315,0464-WJTKO,0.0012826661672194243,0
5893,8292-FRFZQ,0.03262116770633394,0
4854,6844-DZKRF,0.37522538498573693,0
2273,3249-ZPQRG,0.6007091951496506,1
5370,7580-UGXNC,0.2599243339093109,0
2123,3050-RLLXC,0.013687414339287333,0
393,0581-BXBUB,0.5943070790372341,1
6037,8552-OBVRU,0.3716553791227371,0
1645,2388-LAESQ,0.08623318607540235,0
3131,4488-PSYCG,0.11124898401119092,0
6638,9436-ZBZCT,0.648362204493533,1
1402,2074-GKOWZ,0.6515396260287031,1
6865,9753-OYLBX,0.22114169295975694,0
2124,3055-MJDSB,0.4985675195534366,0
4092,5781-RFZRP,0.00839032317810635,0
6869,9761-XUJWD,0.3217118170764588,0
73,0118-JPNOY,0.4348426722234955,0
6271,8874-EJNSR,0.010807881402592189,0
1982,2867-UIMSS,0.6633018193339872,1
7032,9975-GPKZU,0.005417788458209482,0
4324,6100-QQHEB,0.6860770338520094,1
2007,2896-TBNBE,0.13304572866887357,0
5230,7359-WWYJV,0.05394296316547243,0
4715,6646-JPPHA,0.4129234801323215,0
3943,5550-VFRLC,0.7469069694257979,1
1493,2202-CUYXZ,0.7398899469700867,1
5703,8035-PWSEV,0.6274908969809105,1
2588,3703-KBKZP,0.6042169984116241,1
3974,5599-HVLTW,0.5983796229247565,1
3831,5382-TEMLV,0.07655716386978949,0
4492,6339-TBELP,0.05146869380899845,0
5123,7207-RMRDB,0.3927836585075208,0
1694,2469-DTSGX,0.11743412908911893,0
2591,3704-IEAXF,0.009548999238259297,0
4519,6368-TZZDT,0.05604905317383038,0
5069,7129-AZJDE,0.19923182581759064,0
4544,6407-GSJNL,0.006639089293983125,0
6465,9150-HEPMB,0.016648331994315684,0
1040,1506-YJTYT,0.017998073741734965,0
5076,7134-HBPBS,0.1075133274292306,0
2538,3635-QQRQD,0.0037989702714267518,0
4641,6549-NNDYT,0.35818643262198946,0
6898,9796-BPKIW,0.6132408335186434,1
5735,8069-YQQAJ,0.3797550097874401,0
5865,8242-SOQUO,0.7070397209917582,1
2308,3308-DGHKL,0.002681176096921435,0
6174,8740-CRYFY,0.7492765200898613,1
5767,8109-YUOHE,0.06822182242126572,0
2795,3976-NLDEZ,0.22452169482519016,0
4431,6248-BSHKG,0.003872746860486836,0
2791,3970-XGJDU,0.0036143425873195463,0
432,0634-SZPQA,0.48102560667752203,0
1772,2589-AYCRP,0.008312880132045154,0
2677,3800-LYTRK,0.07374410919772792,0
4652,6563-VRERX,0.01853090686725164,0
7005,9938-ZREHM,0.05226968431181954,0
1511,2220-IAHLS,0.2212327944036868,0
6340,8979-CAMGB,0.22256740179675125,0
169,0270-THENM,0.005114248176891215,0
6769,9611-CTWIH,0.7559004536126783,1
6283,8885-QSQBX,0.2806167903131611,0
6374,9030-QGZNL,0.052252276448308516,0
1935,2810-FTLEM,0.2941667761325018,0
4504,6350-XFYGW,0.7857918398345481,1
4971,6993-YGFJV,0.07286378694550134,0
2875,4097-YODCF,0.29832569001520737,0
247,0376-OIWME,0.4563516530125894,0
3543,5022-JNQEQ,0.5365655044625413,1
3917,5515-AKOAJ,0.46296812513250174,0
4938,6956-SMUCM,0.5811553797678041,1
3598,5103-MHMHY,0.34048917623706093,0
6606,9391-DXGGG,0.14122551931397978,0
5323,7519-JTWQH,0.09569681604605777,0
4347,6131-FOYAS,0.19844137757477978,0
6818,9681-OXGVC,0.7781286758064485,1
1329,1977-STDKI,0.6964063864159247,1
5191,7302-ZHMHP,0.22125350302406036,0
451,0661-XEYAN,0.6486613510369869,1
4266,6007-TCTST,0.06982426946752854,0
1142,1682-VCOIO,0.03787028613521185,0
1684,2454-RPBRZ,0.6818906490138729,1
6148,8710-YGLWG,0.4531920126540168,0
506,0742-LAFQK,0.08321901652939995,0
5026,7064-JHXCE,0.0022928956721739377,0
5863,8242-JSVBO,0.38670587766557285,0
1019,1471-GIQKQ,0.39523291451621434,0
4820,6778-EICRF,0.10533616625772517,0
942,1360-XFJMR,0.1464659026394532,0
4049,5702-KVQRD,0.02378363549771698,0
5392,7602-MVRMB,0.07577055421314768,0
143,0236-HFWSV,0.7423600434892884,1
601,0880-FVFWF,0.246184147596292,0
6386,9052-DHNKM,0.0867834986551599,0
4337,6121-TNHBO,0.025771034453942382,0
3285,4693-VWVBO,0.2726678288324248,0
1074,1565-RHDJD,0.46274495221651923,0
477,0696-UKTOX,0.15537647515849168,0
5882,8267-KFGYD,0.2719899108367925,0
1801,2632-TACXW,0.003208697038460488,0
1185,1744-JHKYS,0.07150439615740559,0
391,0578-SKVMF,0.398485714718148,0
457,0670-KDOMA,0.2880882699763365,0
5729,8065-BVEPF,0.30464825804287005,0
2306,3301-VKTGC,0.05148665270983322,0
5440,7660-HDPJV,0.7089128002858591,1
1964,2843-CQMEG,0.19036568023307937,0
4877,6870-ZWMNX,0.011929440553489884,0
972,1403-LKLIK,0.01741150719377298,0
1675,2446-BEGGB,0.7684875647418944,1
4368,6164-HAQTX,0.007453989833143513,0
2363,3387-VATUS,0.7142950287277505,1
2379,3407-JMJQQ,0.07135804113417687,0
2503,3580-HYCSP,0.07658328977238439,0
3880,5453-AXEPF,0.46579852302645003,0
2900,4132-KALRO,0.6572665722022775,1
4614,6506-EYCNH,0.0689712840973013,0
4540,6400-BWQKW,0.6292327593556761,1
4912,6916-HIJSE,0.016916434121736604,0
3678,5186-PEIZU,0.03921668815992345,0
4293,6048-NJXHX,0.017418773475263636,0
4351,6134-KWTBV,0.003555565424882403,0
4462,6289-CPNLD,0.09319263617943258,0
3776,5312-UXESG,0.4003737578791282,0
1724,2514-GINMM,0.7492268416564675,1
1764,2580-ASVVY,0.04591376258661697,0
4550,6416-JNVRK,0.04565388712446975,0
2629,3739-YBWAB,0.051131103686303234,0
4915,6917-YACBP,0.27721498930837185,0
6077,8614-VGMMV,0.4338583257329274,0
3674,5181-OABFK,0.010716205106708954,0
2068,2977-CEBSX,0.02345527424220324,0
1111,1624-NALOJ,0.7461039646884964,1
3906,5495-GPSRW,0.03956735789074306,0
4470,6303-KFWSL,0.14030398862274016,0
3988,5624-BQSSA,0.22110443193066456,0
4740,6681-ZSEXG,0.015290304131256208,0
6485,9185-TQCVP,0.6769170062334988,1
5886,8272-ONJLV,0.44386915523810544,0
2373,3398-ZOUAA,0.5754317155286925,1
6460,9140-CZQZZ,0.01393950502659506,0
4554,6418-PIQSP,0.014233753093785335,0
6790,9637-EIHEQ,0.4749771050636601,0
7015,9953-ZMKSM,0.0035066859534252683,0
6929,9830-ECLEN,0.020568251587197033,0
6394,9058-CBREO,0.45701814157362397,0
3783,5321-NTRKC,0.020485592980940836,0
3253,4654-DLAMQ,0.0708249917836629,0
3270,4673-KKSLS,0.26019618152934876,0
699,1031-IIDEO,0.708749076690024,1
2453,3512-IZIKN,0.007065305263068008,0
3095,4439-JMPMT,0.6256014498682435,1
22,0027-KWYKW,0.5965907407135462,1
2999,4291-YZODP,0.07718248762405257,0
121,0212-ISBBF,0.4846218223631901,0
2102,3014-WJKSM,0.3712503134115025,0
279,0411-EZJZE,0.6176331683293409,1
4759,6698-OXETB,0.045544924621585055,0
109,0193-ESZXP,0.12178755223378983,0
4400,6202-JVYEU,0.151827033818833,0
1249,1848-LBZHY,0.2832611365822266,0
5796,8161-QYMTT,0.7812911236016715,1
306,0454-OKRCT,0.06670669231457899,0
831,1215-EXRMO,0.005035078312985147,0
637,0931-MHTEM,0.12876846305515574,0
4244,5985-BEHZK,0.1337324588863394,0
6990,9921-EZKBY,0.38523960406456126,0
3440,4878-BUNFV,0.006908180649258242,0
3377,4811-JBUVU,0.4385890454858783,0
4024,5673-FSSMF,0.6229136839374254,1
3005,4301-VVZKA,0.6252924927305824,1
3406,4828-FAZPK,0.44556352391342513,0
4264,6000-UKLWI,0.008688500776583211,0
5246,7395-XWZOY,0.24760522765019571,0
4530,6380-ARCEH,0.2245551798333982,0
2622,3729-OWRVL,0.16807976236091807,0
1972,2856-HYAPG,0.6309177006470444,1
5581,7856-GANIL,0.20008861503294892,0
3111,4459-BBGHE,0.421966374403266,0
6807,9661-JALZV,0.006626467838202348,0
5506,7753-USQYQ,0.0467177159034571,0
685,1015-JPFYW,0.07979094987238287,0
5446,7665-NKLAV,0.023930362386979896,0
6388,9053-EJUNL,0.47425131279034943,0
3604,5117-ZSMHQ,0.01177443983575261,0
72,0117-LFRMW,0.0746802644632394,0
6605,9389-ACWBI,0.4534137257434004,0
4933,6946-LMSQS,0.3755504111648954,0
1172,1725-MIMXW,0.27214225498617167,0
2808,3996-ZNWYK,0.0016420593724039976,0
615,0899-WZRSD,0.29173957603745293,0
6233,8815-LMFLX,0.10019002934704384,0
479,0699-NDKJM,0.09375088716836205,0
1663,2424-WVHPL,0.6144737438764918,1
4828,6797-LNAQX,0.061582911273952774,0
1382,2043-WVTQJ,0.25934563401138944,0
2843,4057-FKCZK,0.06719953348681469,0
6021,8512-WIWYV,0.023630725969612194,0
3622,5135-GRQJV,0.08826156984449081,0
3972,5597-GLBUC,0.7360507581539573,1
5675,7997-EASSD,0.07919780177721353,0
3354,4785-FCIFB,0.0034197082458203142,0
1191,1755-FZQEC,0.015732514097138644,0
3814,5364-XYIRR,0.5045248644265975,1
5363,7572-KPVKK,0.17115987507802002,0
3602,5115-SQAAU,0.0029256239310998023,0
4361,6147-CBCRA,0.04194737617486714,0
2582,3692-JHONH,0.3482977940046507,0
740,1088-CNNKB,0.017576038093594332,0
2686,3810-DVDQQ,0.06549818080625863,0
5561,7831-QGOXH,0.6833562490077969,1
2429,3474-BAFSJ,0.030341990340187395,0
2701,3842-IYKUE,0.22480675517081716,0
6026,8519-QJGJD,0.5082916685371085,1
6862,9747-DDZOS,0.5245423379272901,1
2880,4106-HADHQ,0.04368721543176076,0
11,0017-IUDMW,0.06925632397171447,0
3343,4763-PGDPO,0.6052082225104116,1
6186,8751-EDEKA,0.2882725842502305,0
2172,3104-OWCGK,0.10464408887379444,0
2199,3148-BLQJT,0.22456355163976846,0
1940,2815-CPTUL,0.636617915608616,1
3581,5073-WXOYN,0.15100945389870274,0
3341,4760-THGOT,0.3570870772164666,0
1878,2724-FJDYW,0.0842746818216319,0
5428,7639-OPLNG,0.012679863501727244,0
2304,3298-QEICA,0.04242579772254966,0
6586,9362-MWODR,0.08912464215740604,0
5278,7446-SFAOA,0.022296685308643684,0
3326,4737-AQCPU,0.004933083637466246,0
6705,9522-ZSINC,0.12552365896357917,0
2633,3745-HRPHI,0.016378075122038187,0
1831,2669-QVCRG,0.2682218994324014,0
671,0980-FEXWF,0.06621767224063338,0
4761,6701-YVNQG,0.0173511836740661,0
808,1177-XZBJL,0.015243179457061032,0
5517,7771-CFQRQ,0.01525635939783437,0
1542,2252-JHJGE,0.18529321914828326,0
448,0661-KBKPA,0.06023826688342782,0
6255,8851-RAGOV,0.1290819522576195,0
4955,6979-TNDEU,0.16082800460792554,0
1400,2072-ZVJJX,0.002520929852488063,0
840,1222-KJNZD,0.03652867225669697,0
6595,9372-TXXPS,0.0054136081585170704,0
4242,5982-PSMKW,0.06555803226730145,0
1712,2495-KZNFB,0.48440649334927943,0
119,0207-MDKNV,0.45676971841845315,0
927,1346-PJWTK,0.12308203105704006,0
2646,3758-CKOQL,0.09183416564753005,0
4939,6959-GQEGV,0.18818217849608537,0
1780,2604-IJPDU,0.39781397937812024,0
4380,6174-NRBTZ,0.04695180005492633,0
4481,6323-AYBRX,0.003105973561665633,0
31,0048-PIHNL,0.007912128346825323,0
5545,7811-JIVPF,0.16683938326477332,0
5490,7729-JTEEC,0.49461895172320336,0
4134,5846-ABOBJ,0.0020843178360181822,0
6500,9221-OTIVJ,0.7355184139070762,1
2003,2889-FPWRM,0.12871797458831477,0
5636,7945-HLKEA,0.025383878522706366,0
6591,9367-TCUYN,0.13209125208879977,0
1567,2277-BKJKN,0.13261959454632127,0
5420,7633-MVPUY,0.013768681776395696,0
3015,4315-MURBD,0.4629321210185997,0
504,0734-OXWBT,0.3360489110206621,0
6152,8714-EUHJO,0.5044472211111324,1
555,0818-OCPZO,0.5484839854948693,1
17,0021-IKXGC,0.7825595444672784,1
5945,8383-SGHJU,0.06295675363199328,0
4501,6347-DCUIK,0.607260228019335,1
1328,1976-CFOCS,0.4853266743363105,0
3426,4854-CIDCF,0.6457280768569802,1
6446,9127-QRZMH,0.024393652119073676,0
819,1196-AMORA,0.6333836787045048,1
4770,6713-OKOMC,0.3140932525509803,0
6917,9820-RMCQV,0.1976512143530115,0
4175,5902-WBLSE,0.002035444098577576,0
5355,7563-BIUPC,0.7254148047783707,1
5460,7683-CBDKJ,0.28729152765840155,0
4628,6522-OIQSX,0.020463781942546277,0
261,0388-EOPEX,0.597207067957952,1
5620,7921-BEPCI,0.005979527327530642,0
6260,8859-DZTGQ,0.013797067858264173,0
2578,3683-QKIUE,0.32852221701364287,0
1453,2144-ESWKO,0.05320576332086816,0
3570,5057-RKGLH,0.04200760755289393,0
1857,2692-PFYTJ,0.3300877841247187,0
2105,3021-VLNRJ,0.03291571323534192,0
709,1045-LTCYT,0.13733016593419178,0
5252,7401-JIXNM,0.019989897641830283,0
1821,2657-VPXTA,0.6857965035068005,1
3544,5022-KVDQT,0.5662263941753417,1
1582,2305-MRGLV,0.24420523426135635,0
2715,3865-YIOTT,0.14112151744126342,0
6747,9577-WJVCQ,0.026953126327613423,0
2705,3847-BAERP,0.19916551218472195,0
2836,4032-RMHCI,0.03481472800795787,0
5439,7658-UYUQS,0.46048196289108967,0
6532,9274-UARKJ,0.4887001749751422,0
576,0847-HGRML,0.002465074896017796,0
4310,6078-VESFR,0.4556782701057597,0
2957,4223-WOZCM,0.39178449369481577,0
643,0942-KOWSM,0.03899871088300446,0
5533,7789-HKSBS,0.2871001932335646,0
6635,9432-RUVSL,0.09625148332486261,0
2548,3644-QXEHN,0.5894800029683533,1
3277,4683-WYDOU,0.13945963031795391,0
629,0925-VYDLG,0.661725905514679,1
2057,2960-NKRSO,0.4156730660234659,0
1808,2639-UGMAZ,0.04792959798346089,0
2009,2898-LSJGD,0.24985866285860978,0
1998,2884-GBPFB,0.39416854766702625,0
3259,4659-NZRUF,0.52515348563882,1
588,0867-LDTTC,0.33319238032944837,0
5526,7781-EWARA,0.02823402336165829,0
3395,4822-RVYBB,0.8016221145651855,1
6904,9800-OUIGR,0.0018551964524853369,0
2469,3533-UVMOM,0.007745266902688223,0
5996,8457-XIGKN,0.1225833640435922,0
2086,2990-OGYTD,0.02029077214775835,0
3696,5203-XEHAX,0.05888015985046293,0
5898,8295-KMENE,0.019815467843910868,0
6156,8720-RQSBJ,0.5099662830061581,1
6902,9799-CAYJJ,0.7259318148465492,1
2607,3717-OFRTN,0.22459285470814752,0
1984,2868-MZAGQ,0.7374704676939814,1
6072,8606-OEGQZ,0.034713503145402176,0
6400,9065-ZCPQX,0.008266511277438892,0
3201,4587-NUKOX,0.5488562826953021,1
6346,8985-OOPOS,0.20540301482106366,0
5423,7636-OWBPG,0.4541666375927658,0
4117,5825-XJOCM,0.03338835299709865,0
2929,4183-WCSEP,0.3532002243496025,0
3744,5275-PMFUT,0.013025573377269312,0
1188,1751-NCDLI,0.5942769842146486,1
4754,6693-DJWTY,0.030510100748099324,0
2813,4002-BQWPQ,0.12502378153837468,0
4937,6954-OOYZZ,0.25617465284345187,0
6378,9039-RBEEE,0.1200968015647201,0
3658,5170-PTRKA,0.027492361201078112,0
5220,7346-MEDWM,0.27162096901907734,0
3722,5233-GEEAX,0.6460621605758593,1
2451,3511-APPBJ,0.28834166336273553,0
5086,7143-BQIBA,0.20198311200408023,0
2060,2967-MXRAV,0.10108584008366092,0
5294,7473-ZBDSN,0.03166496464027624,0
163,0265-EDXBD,0.5311263865206336,1
955,1386-ZIKUV,0.227147411752765,0
283,0420-BWTPW,0.4047658195648285,0
682,1009-IRMNA,0.16848829773449456,0
2767,3938-YFPXD,0.015064295406587028,0
2620,3727-OWVYD,0.032620227594195327,0
4204,5937-EORGB,0.6449085388614205,1
1916,2791-SFVEW,0.1564989393790147,0
672,0980-PVMRC,0.26542073879450606,0
2552,3648-GZPHF,0.08484559321195419,0
6815,9677-AVKED,0.08686605533946672,0
1083,1576-PFZIW,0.05724866249949138,0
6651,9462-MJUAW,0.38344457772380947,0
5318,7511-YMXVQ,0.684436850475476,1
5067,7128-GGCNO,0.22265694755673784,0
5302,7492-TAFJD,0.0906171874709682,0
6290,8901-UPRHR,0.0750295667008587,0
3559,5044-XDPYX,0.006124251349070547,0
683,1010-DIAUQ,0.5809058308819772,1
1854,2691-NZETQ,0.74031356764594,1
5372,7586-ZATGZ,0.5261240988185203,1
1222,1810-MVMAI,0.10144735068495764,0
5186,7296-PIXQY,0.47884979102563924,0
7036,9985-MWVIX,0.6226006634712047,1
5001,7028-DVOIQ,0.6675712931110473,1
285,0420-TXVSG,0.011893121627198541,0
4936,6953-PBDIN,0.01196832686582771,0
743,1090-ESELR,0.0318657259795199,0
6293,8903-XEBGX,0.5454921487151004,1
6717,9541-PWTWO,0.05275097517031337,0
756,1099-BTKWT,0.04808359196995274,0
6227,8807-ARQET,0.22636793589784576,0
458,0673-IGUQO,0.2245342512875276,0
487,0709-TVGUR,0.7282776431805655,1
6529,9269-CQOOL,0.4541067539535744,0
5537,7798-JVXYM,0.4294206758484939,0
5327,7524-VRLPL,0.012584399084048122,0
6188,8752-IMQOS,0.08194093304740598,0
30,0048-LUMLS,0.17966789526588392,0
4548,6410-LEFEN,0.3688873584682341,0
3640,5149-TGWDZ,0.2744699578129933,0
3916,5514-YQENT,0.13032173674008396,0
2133,3063-QFSZL,0.5755847918792826,1
3110,4458-KVRBJ,0.004440876397376787,0
4707,6631-HMANX,0.024463745808163365,0
2137,3069-SSVSN,0.3311593064837678,0
3050,4366-CTOUZ,0.10541960677323432,0
3278,4685-ERGHK,0.24442805374018106,0
4076,5756-OZRIO,0.031052093578057074,0
2704,3845-JHAMY,0.4042692805084315,0
4203,5935-FCCNB,0.7626951390281852,1
2423,3468-DRVQJ,0.15385318778337104,0
2506,3583-KRKMD,0.4175779609887842,0
1662,2419-FSORS,0.1191719878321475,0
938,1357-BIJKI,0.2844491275826771,0
3123,4480-QQRHC,0.6001833410121792,1
1091,1589-AGTLK,0.5277946247405142,1
6786,9631-XEYKE,0.39207942426442854,0
5312,7503-ZGUZJ,0.7114647828749764,1
2411,3452-FLHYD,0.043862371132846883,0
3709,5219-YIPTK,0.5709679697788276,1
4217,5951-AOFIH,0.1846253854770888,0
2656,3774-VBNXY,0.001989243444219049,0
5929,8348-JLBUG,0.04822420208751059,0
267,0396-YCHWO,0.6091558105649721,1
3853,5419-JKZNQ,0.3837155795934435,0
6229,8808-ELEHO,0.7315245675294648,1
3495,4950-HKQTE,0.03158365352602921,0
4927,6933-FHBZC,0.09253461680599574,0
2211,3165-HDOEW,0.4096685155365245,0
6424,9097-ZUBYC,0.1841980915664485,0
1027,1482-OXZSY,0.48008047457481245,0
6320,8946-BFWSG,0.0029553735649031896,0
2978,4256-ZWTZI,0.3207136770899601,0
3070,4393-OBCRR,0.10562630018672463,0
43,0074-HDKDG,0.06088904818798183,0
316,0468-YRPXN,0.4468623870789044,0
4985,7010-ZMVBF,0.08384040377608735,0
4126,5835-BEQEU,0.738433825492232,1
6867,9755-JHNMN,0.01041524634626802,0
5746,8084-OIVBS,0.06962014645193225,0
2837,4039-HEUNW,0.5913436956631482,1
2407,3446-QDSZF,0.3774261908392477,0
6960,9873-MNDKV,0.33686870295811155,0
4496,6341-JVQGF,0.07625516998467162,0
6261,8859-YSTWS,0.009681317239300661,0
1208,1777-JYQPJ,0.5070989710841106,1
1852,2688-BHGOG,0.7246778056654432,1
5006,7032-LMBHI,0.06159530866934851,0
4265,6005-OBZPH,0.6187600744870179,1
5902,8311-UEUAB,0.03602837788390704,0
3504,4959-JOSRX,0.41702824585844867,0
3478,4927-WWOOZ,0.7561338054200828,1
3793,5334-JLAXU,0.17952092774990108,0
4480,6322-PJJDJ,0.1681203173196371,0
1847,2682-KEVRP,0.0648203547211264,0
4904,6905-NIQIN,0.31105530869339637,0
4745,6685-XSHHU,0.0037161121883696607,0
4970,6993-YCOBK,0.12874431269047912,0
2731,3887-PBQAO,0.01800644589700995,0
3289,4697-LUPSU,0.0958530638586989,0
6652,9465-RWMXL,0.4850173433635961,0
2798,3981-QSVQI,0.21858726883258156,0
3105,4451-RWASJ,0.06656411604244597,0
1546,2256-YLYLP,0.01841428839006784,0
6830,9701-CDXHR,0.1538534179331909,0
4733,6664-FPDAC,0.31647222913705175,0
3805,5351-QESIO,0.4969616554109666,0
2279,3258-SANFR,0.35954339600991725,0
2061,2968-SSGAA,0.759983489342588,1
979,1421-HCERK,0.35988041666796927,0
5334,7534-BFESC,0.6173499471448698,1
939,1357-MVDOZ,0.3496887164119417,0
6723,9548-LERKT,0.020783055267526086,0
3729,5244-IRFIH,0.66415117379779,1
5664,7982-VCELR,0.4256372362975255,0
4062,5727-MYATE,0.016316307221698165,0
5253,7401-RUBNK,0.38530017004543154,0
2809,3999-QGRJH,0.7004596131092408,1
1255,1853-UDXBW,0.6752864579752356,1
5272,7434-SHXLS,0.2211085718229713,0
4201,5934-RMPOV,0.6124278899023434,1
1030,1488-SYSFC,0.08915604358846607,0
5731,8065-YKXKD,0.6899550656403587,1
3866,5442-PPTJY,0.03653487259944241,0
2965,4236-UJPWO,0.598900514480583,1
3730,5245-VDBUR,0.023895661959265912,0
6899,9796-MVYXX,0.09366572470330303,0
6694,9507-HSMMZ,0.0043580450527988335,0
3952,5566-SOEZD,0.13298262057066032,0
1037,1498-NHTLT,0.02772824486355905,0
6497,9214-EKVXR,0.44845501725822656,0
1275,1895-QTKDO,0.36329083203599105,0
4625,6519-CFDBX,0.53284644067536,1
228,0354-WYROK,0.5211845762266758,1
1239,1837-YQUCE,0.018199226220198293,0
3335,4750-UKWJK,0.019109755427322163,0
5515,7766-CLTIC,0.3283495738853461,0
6814,9675-ICXCT,0.01949487515162212,0
2089,2996-XAUVF,0.013605891608998968,0
618,0906-QVPMS,0.05339180000987595,0
5326,7521-YXVZY,0.18983070609800343,0
5077,7134-MJPDY,0.21104861383615198,0
4307,6075-QMNRR,0.05403470437689164,0
192,0308-GIQJT,0.11734050016065974,0
2994,4290-BSXUX,0.5741138984348302,1
3423,4851-BQDNX,0.25095206111406987,0
5089,7148-XZPHA,0.12405537693466717,0
5708,8042-JVNFH,0.6270519898689456,1
5861,8237-ULIXL,0.0020277681784237533,0
6420,9092-GDZKO,0.13627293401506704,0
4790,6734-CKRSM,0.20269141147711148,0
4192,5919-VCZYM,0.2151276748285638,0
2833,4026-SKKHW,0.364288803888773,0
2371,3398-FSHON,0.7123355570725242,1
5283,7459-IMVYU,0.09481602699091327,0
4193,5921-NGYRH,0.10908406827598455,0
6129,8679-LZBMD,0.2274014560734552,0
6507,9229-RQABD,0.06062750704437384,0
6700,9514-JDSKI,0.6275981940401212,1
5563,7838-LAZFO,0.04007234569943871,0
4771,6715-OFDBP,0.5779903447909697,1
5607,7895-VONWT,0.5074646218426482,1
4483,6328-ZPBGN,0.7146618415593629,1
3233,4631-OACRM,0.6809745447961895,1
6052,8573-JGCZW,0.0726118620392528,0
3847,5402-HTOTQ,0.30101335244969546,0
3505,4962-CHQPW,0.02420856199433405,0
579,0851-DFJKB,0.19442127506393633,0
3893,5478-JJVZK,0.12943841102162018,0
5289,7470-DYNOE,0.07518603804742602,0
2908,4139-JPIAM,0.07959415390359385,0
6612,9396-ZSFLL,0.26338888153126333,0
6093,8630-QSGXK,0.049088073776919657,0
1652,2400-XIWIO,0.018802656397586274,0
6801,9650-VBUOG,0.011407913548718285,0
2687,3810-PJUHR,0.001998896890678402,0
4222,5956-YHHRX,0.7089227215293928,1
6082,8622-ZLFKO,0.6741145199022703,1
6712,9531-NSBMR,0.025254838573346115,0
6977,9903-LYSAB,0.6064590211936121,1
1939,2812-SFXMJ,0.2077918256662546,0
6206,8778-LMWTJ,0.5622287072961893,1
1836,2673-CXQEU,0.2086222311842744,0
4288,6036-TTFYU,0.10153438169712069,0
1423,2096-XOTMO,0.09157707349580448,0
5613,7905-NJMXS,0.2737297402286451,0
4357,6141-OOXUQ,0.224601227512276,0
748,1093-YSWCA,0.04543332705049156,0
3323,4732-RRJZC,0.1478667094496389,0
3489,4942-VZZOM,0.034144543314170044,0
516,0750-EBAIU,0.1335291239885385,0
3457,4902-OHLSK,0.5653118068802958,1
4885,6885-PKOAM,0.0124338262192789,0
5634,7941-RCJOW,0.0031591464014322245,0
6470,9158-VCTQB,0.3085599728572596,0
6955,9866-QEVEE,0.5657713641886801,1
2771,3946-JEWRQ,0.2720265863261069,0
3230,4628-CTTLA,0.11931190576912536,0
3467,4912-PIGUY,0.7810880641304623,1
5999,8465-SBRXP,0.14000195053352082,0
2750,3913-FCUUW,0.007310231709262095,0
6475,9170-ARBTB,0.00619723429649459,0
967,1400-MMYXY,0.7667420102719558,1
3320,4727-MCYZG,0.39673173324795186,0
248,0376-YMCJC,0.5842279244586531,1
6393,9057-SIHCH,0.7931719785822801,1
1373,2038-LLMLM,0.4971315777579154,0
1299,1930-QPBVZ,0.023912348499089443,0
4295,6048-UWKAL,0.06802827270072997,0
812,1184-PJVDB,0.6791961668225441,1
4720,6650-BWFRT,0.07796345664328178,0
5485,7721-DVEKZ,0.22121208717098817,0
5820,8191-XWSZG,0.0074132565737888255,0
3985,5619-PTMIK,0.08667877002459214,0
5794,8158-WPEZG,0.4526129191490349,0
7031,9974-JFBHQ,0.1954340202168354,0
592,0870-VEMYL,0.19835997250472703,0
5251,7399-QHBJS,0.004597307264160191,0
2555,3654-ARMGP,0.025541543279441394,0
1016,1468-DEFNC,0.004736655025326015,0
4839,6818-WOBHJ,0.23185144305309807,0
3941,5546-QUERU,0.08875735265090182,0
5482,7717-BICXI,0.002544152714631722,0
3414,4836-WNFNO,0.0020092584180758898,0
4115,5820-PTRYM,0.027228133671220702,0
1319,1963-SVUCV,0.46178941025866854,0
3387,4817-VYYWS,0.6073367285155796,1
3487,4939-KYYPY,0.20882956548142198,0
6453,9135-MGVPY,0.014638423811529336,0
1571,2282-YGNOR,0.040502605807849215,0
5895,8292-TYSPY,0.21829936770866698,0
5342,7548-SEPYI,0.7015045144030216,1
6351,8992-JQYUN,0.7331764803724417,1
4450,6270-OMFIW,0.18859382015319873,0
4560,6427-FEFIG,0.06443674405721485,0
6314,8938-UMKPI,0.5378603980481281,1
415,0617-AQNWT,0.014012799338861539,0
108,0191-ZHSKZ,0.27376466594389814,0
4620,6513-EECDB,0.7723204917360228,1
6853,9734-YWGEX,0.6036718725826721,1
2288,3269-ATYWD,0.5613200632531519,1
5750,8089-UZWLX,0.11736507574023504,0
1034,1494-EJZDW,0.0399621408404378,0
3300,4706-DGAHW,0.5098221077922681,1
4021,5669-SRAIP,0.5848165954971556,1
1280,1902-XBTFB,0.5280030356437821,1
5204,7321-PKUYW,0.587598074121522,1
960,1394-SUIUH,0.22563555524078238,0
362,0531-ZZJWQ,0.34309081452593243,0
5028,7067-KSAZT,0.28563627415790155,0
3661,5172-RKOCB,0.06545280854749176,0
6944,9847-HNVGP,0.05126603057541983,0
1474,2180-DXNEG,0.6962811424065778,1
3619,5133-POWUA,0.4530847890870423,0
4254,5995-SNNEW,0.656790634034559,1
5132,7225-IILWY,0.00224477787513109,0
4837,6817-WTYHE,0.35901245808071497,0
146,0239-OXEXL,0.15859239773012582,0
3072,4395-PZMSN,0.6994150610169363,1
5568,7845-URHJN,0.15043289798906123,0
3318,4724-WXVWF,0.33058566346576623,0
2108,3026-ATZYV,0.04279839347614511,0
4662,6581-NQCBA,0.5253159646994552,1
3919,5515-RUGKN,0.4109701609775237,0
3993,5628-RKIFK,0.3482479567727333,0
1937,2812-ENYMO,0.10760103995515315,0
6371,9027-YFHQJ,0.2647623496018867,0
6503,9225-BZLNZ,0.030683522627293312,0
2212,3166-PNEOF,0.02134894815700474,0
5754,8096-LOIST,0.3929717784375065,0
3980,5606-AMZBO,0.48460818193362487,0
993,1442-OKRJE,0.1001539139027192,0
4749,6689-TCZHQ,0.6714900773598316,1
5101,7167-PCEYD,0.002884057305149581,0
2661,3780-DDGSE,0.24572604758923655,0
1826,2664-XJZNO,0.05335362653818021,0
6197,8766-PAFNE,0.01661652044793756,0
4110,5813-UECBU,0.40368137001855636,0
5159,7252-NTGSS,0.3631573932842362,0
4270,6015-VVHHE,0.7240706208630268,1
5051,7103-ZGVNT,0.011266336368105975,0
1138,1676-MQAOA,0.009376621611357005,0
6622,9411-TPQQV,0.08874449054098743,0
3158,4529-CKBCL,0.7382355309458862,1
1151,1697-BCSHV,0.08713746456694747,0
3262,4662-EKDPQ,0.4343082491234271,0
1257,1855-CFULU,0.22614962343328576,0
2752,3914-FDRHP,0.5544730854348188,1
3527,5003-OKNNK,0.04848623651820289,0
2746,3908-BLSYF,0.6118752342062457,1
1911,2786-GCDPI,0.5404653213331659,1
5185,7295-JOMMD,0.576218074112047,1
6764,9603-OAIHC,0.7505697485135471,1
1957,2834-JKOOW,0.09073466235133977,0
6210,8780-IXSTS,0.7049222963533895,1
3159,4530-NDRKU,0.022035112942635163,0
1263,1866-RZZQS,0.6524521529975043,1
2169,3097-NQYSN,0.7270032326904773,1
373,0556-FJEGU,0.014068447230255698,0
5247,7396-VJUZB,0.2957642276450146,0
874,1265-ZFOSD,0.014841601514356888,0
6035,8548-AWOFC,0.06424732043280318,0
6118,8663-UPDGF,0.20286185739109566,0
642,0940-OUQEC,0.5425021734294054,1
3311,4716-MRVEN,0.026817781969230858,0
5665,7989-AWGEH,0.1233203611231823,0
6847,9728-FTTVZ,0.7089128002858591,1
1110,1623-NLDOT,0.032993481056869375,0
6941,9845-PEEKO,0.07427353695834486,0
5994,8455-HIRAQ,0.29314086096145736,0
4191,5919-TMRGD,0.7263048644876584,1
3781,5318-YKDPV,0.035196242528419734,0
3120,4475-NVTLU,0.008661880071277306,0
764,1112-CUNAO,0.6063233387885711,1
2287,3266-FTKHB,0.0328890416843896,0
2951,4208-UFFGW,0.4018730884556312,0
1199,1766-GKNMI,0.6003590068418236,1
118,0206-TBWLC,0.13835734082288548,0
755,1098-TDVUQ,0.2881868832580838,0
2464,3524-WQDSG,0.43330315762804394,0
4863,6855-VLGOS,0.0019064093795084244,0
5399,7609-NRNCA,0.04977390247226708,0
4746,6686-YPGHK,0.22007338633886278,0
940,1360-JYXKQ,0.2591770728214461,0
4396,6198-ZFIOJ,0.647177781256852,1
4329,6108-OQZDQ,0.7085523743322872,1
3149,4521-YEEHE,0.6047419175427292,1
6336,8972-HJWNV,0.7622115123974367,1
2886,4115-BNPJY,0.047804927196507564,0
2823,4013-GUXND,0.2245049536514621,0
1547,2257-BOVXD,0.3465333645538863,0
6964,9881-VCZEP,0.21132123667416286,0
326,0485-ZBSLN,0.0027534666314405778,0
3347,4770-UEZOX,0.6503295611974345,1
2246,3209-ZPKFI,0.08778800597271548,0
5102,7168-HDQHG,0.03211731485924694,0
4473,6308-CQRBU,0.08985203394719894,0
6273,8878-HMWBV,0.5181016825832963,1
48,0082-LDZUE,0.4532634974456094,0
6461,9142-KZXOP,0.19243823305379096,0
5614,7905-TVXTA,0.39277610560700466,0
687,1016-DJTSV,0.7014653729836702,1
1260,1866-DIOQZ,0.016700906948490208,0
159,0259-GBZSH,0.7799374803325171,1
4236,5977-CKHON,0.3727199366765362,0
1557,2270-CHBFN,0.1802961183894972,0
6962,9878-TNQGW,0.7318459925575399,1
651,0953-LGOVU,0.2365663168671461,0
4972,6994-FGRHH,0.1431334570499936,0
2559,3658-KIBGF,0.3890915959263021,0
1839,2674-MLXMN,0.3096131182966416,0
124,0218-QNVAS,0.09873853082073589,0
6611,9392-XBGTD,0.01751206562851646,0
6791,9638-JIQYA,0.5954605770774991,1
610,0895-LNKRC,0.07810064916041018,0
6,0013-SMEOE,0.06556855407091389,0
1079,1571-SAVHK,0.6111054180530405,1
5108,7180-PISOG,0.7169887138804927,1
6583,9360-AHGNL,0.23792654046654232,0
791,1154-HYWWO,0.033624457509653476,0
6032,8544-GOQSH,0.3883579969978567,0
3590,5089-IFSDP,0.09615490781802391,0
4926,6928-ONTRW,0.0012422522171500613,0
6284,8887-IPQNC,0.3630696499107695,0
648,0947-IDHRQ,0.6175982664723955,1
5357,7566-DSRLQ,0.12901179278095065,0
5113,7188-CBBBA,0.18545593716034134,0
6054,8580-AECUZ,0.7836511290817856,1
397,0585-EGDDA,0.3239893442442561,0
3760,5296-PSYVW,0.0028490533152974043,0
84,0135-NMXAP,0.5768481652409317,1
4766,6710-HSJRD,0.4283359241081115,0
1175,1729-VLAZJ,0.10484767046005312,0
5546,7812-FZHPE,0.10815836365937052,0
4155,5876-HZVZM,0.17239309649290718,0
3618,5131-PONJI,0.2516652248196726,0
4061,5726-CVNYA,0.06145526552656862,0
4148,5863-OOKCL,0.14461974824561774,0
2071,2982-IHMFT,0.7089858516466232,1
400,0595-ITUDF,0.19074353728164428,0
2782,3957-LXOLK,0.6840425804049048,1
5450,7668-XCFYV,0.7490461686483646,1
5376,7593-JNWRU,0.35461796135876195,0
963,1396-QWFBJ,0.35105182540849583,0
2186,3132-TVFDZ,0.2097317305321395,0
1240,1839-FBNFR,0.011773834244014441,0
6142,8705-WZCYL,0.5501601380611402,1
4944,6963-EZQEE,0.02380078608208999,0
1281,1904-WAJAA,0.04939572738392644,0
2618,3727-JEZTU,0.2211499737990426,0
813,1187-WILMM,0.02102405929377331,0
849,1229-RCALF,0.17612407194152965,0
878,1270-XKUCC,0.013263658250729261,0
6510,9236-NDUCW,0.05577716406534555,0
3114,4465-VDKIQ,0.4151257785014058,0
5683,8008-HAWED,0.6271532740847626,1
5281,7450-NWRTR,0.7847064322990593,1
4788,6732-VAILE,0.022415571099900226,0
3962,5575-GNVDE,0.04212615262235399,0
6864,9752-ZNQUT,0.4823820945159968,0
2415,3454-JFUBC,0.00338944323875708,0
4545,6407-UTSLV,0.6441939430293856,1
4729,6656-JWRQX,0.4465127934784505,0
3525,4999-IEZLT,0.012746801078318703,0
619,0907-HQNTS,0.08605568470888672,0
5375,7590-VHVEG,0.6176060333751413,1
718,1060-ENTOF,0.09472298552431341,0
2416,3457-PQBYH,0.0027862629934064984,0
3986,5619-XZZKR,0.10140697190149484,0
3946,5555-RNPGT,0.16269074295138244,0
530,0780-XNZFN,0.00356201406293703,0
2356,3374-LXDEV,0.4495518242177824,0
3620,5133-VRSAB,0.33914758635289494,0
6604,9388-ZEYVT,0.08028975870568193,0
6981,9909-DFRJA,0.18130734674626467,0
6053,8577-QSOCG,0.01201251755212041,0
1447,2137-DQMEV,0.011801736707620818,0
2981,4274-DRSQT,0.12541674605569267,0
1899,2758-RNWXS,0.2119551109811475,0
4023,5671-UUNXD,0.34343158093469345,0
148,0247-SLUJI,0.1952623452157617,0
6987,9919-FZDED,0.02438542079441845,0
4129,5840-NVDCG,0.034945559156528506,0
3148,4521-WFJAI,0.007440618261235041,0
6950,9860-LISIZ,0.042561919407989625,0
5495,7734-DBOAI,0.5454644687363621,1
35,0057-QBUQH,0.019108827465655103,0
4467,6298-QDFNH,0.5418775800389656,1
1193,1757-TCATG,0.016712572642610425,0
4851,6838-YAUVY,0.10283681258061807,0
1627,2369-FEVNO,0.2921524840786064,0
801,1169-WCVAK,0.3110851612488726,0
6038,8559-CIZFV,0.06384650481494496,0
6405,9068-VPWQQ,0.014175184182758054,0
4638,6543-XRMYR,0.6507596824218793,1
6158,8722-PRFDV,0.012171630558988978,0
4421,6233-HXJMX,0.3994936574341864,0
6811,9668-PUGNU,0.004524134540347685,0
5031,7074-IEVOJ,0.7208627182968929,1
2446,3506-OVLKD,0.02607677330573547,0
2806,3992-YWPKO,0.5807980436432033,1
2182,3128-YOVTD,0.12577651085428274,0
5241,7389-KBFIT,0.48510530012382846,0
3222,4622-YNKIJ,0.155862258451835,0
2659,3778-FOAQW,0.03210424147233898,0
2196,3146-JTQHR,0.06942421302292182,0
2770,3945-GFWQL,0.3898486688863865,0
2803,3987-KQDDU,0.47408485003799017,0
4429,6243-OZGFH,0.5221759359142644,1
5552,7817-BOQPW,0.7424579714207153,1
5950,8388-FYNPZ,0.3318677588801145,0
3297,4703-MQYKT,0.02610420769581714,0
2299,3284-SVCRO,0.008419120397726663,0
6251,8847-GEOOQ,0.09227449835405085,0
6750,9581-GVBXT,0.014358363225914491,0
5930,8350-NYMVI,0.08862402116516904,0
4507,6352-TWCAU,0.5666623232072248,1
5711,8044-BGWPI,0.22014654413398999,0
4125,5834-ASPWA,0.7514225975487396,1
4162,5884-GCYMI,0.5414818404553832,1
5616,7909-FIOIY,0.32173770679737773,0
5021,7055-JCGNI,0.07223765465068382,0
1131,1658-XUHBX,0.30431853782864926,0
3968,5590-BYNII,0.6190395358043362,1
4624,6518-PPLMZ,0.0054573149699070475,0
6924,9824-BEMCV,0.5347254551260829,1
1224,1813-JYWTO,0.025323559641590672,0
3038,4350-ZTLPI,0.18023662638525315,0
6693,9507-EXLTT,0.647460390593223,1
4083,5766-XQXMQ,0.14186290874581076,0
62,0106-UGRDO,0.11644039948791109,0
2979,4257-GAESD,0.5389311752685559,1
4743,6683-VLCTZ,0.7385102075458441,1
663,0970-ETWGE,0.7716550013870447,1
6128,8679-JOEVF,0.3424803199587157,0
3445,4883-QICIH,0.3245345169984708,0
5093,7156-MXBJE,0.06470439560754551,0
5126,7216-EWTRS,0.8115414705994531,1
2351,3370-HXOPH,0.6629535130227598,1
6328,8963-JLGJT,0.23902714064494965,0
1102,1602-IJQQE,0.6559346244191205,1
2667,3791-LGQCY,0.44510543981031264,0
2977,4255-DDUOU,0.25314576976239306,0
2435,3487-EARAT,0.008903648197451547,0
2012,2903-YYTBW,0.41827037804033596,0
4034,5688-KZTSN,0.18796234751474677,0
2989,4282-YMKNA,0.6956791937920163,1
6315,8942-DBMHZ,0.13579767885422664,0
5755,8097-OMULG,0.02425277263843741,0
4048,5701-ZIKJE,0.26604572031819873,0
2195,3144-KMTWZ,0.19843625730134173,0
3376,4808-YNLEU,0.07112690819429869,0
1521,2232-DMLXU,0.3882197323160461,0
1303,1934-SJVJK,0.2245593657088676,0
5822,8197-BFWVU,0.017909228709283864,0
3612,5126-RCXYW,0.018142079679651864,0
4256,5996-DAOQL,0.2920978041974966,0
23,0030-FNXPP,0.20229948531337577,0
3143,4510-PYUSH,0.10492943971787208,0
4479,6322-HRPFA,0.028022352323854038,0
1392,2057-ZBLPD,0.6313151994372734,1
5916,8329-GWVPJ,0.19424025449064053,0
2703,3845-FXCYS,0.3646436179593317,0
6681,9497-QCMMS,0.8330899245311649,1
732,1080-BWSYE,0.003961668011784903,0
3920,5519-NPHVG,0.7447691897694769,1
3574,5063-IUOKK,0.040841424331468146,0
5991,8450-LUGUK,0.016251146482123627,0
5403,7613-LLQFO,0.7263967491323942,1
2203,3158-MOERK,0.7960783025371362,1
670,0979-PHULV,0.31066927577252607,0
4028,5680-LQOGP,0.015102581145416667,0
6080,8620-RJPZN,0.2952396985679356,0
3066,4390-KYULV,0.25364069491201474,0
1103,1608-GMEWB,0.5099633127791224,1
2537,3635-JBPSG,0.1643628495389897,0
3937,5542-NKVRU,0.011541772821804437,0
5010,7037-MTYVW,0.05194478809718029,0
7040,9992-UJOEL,0.38038065382637276,0
2080,2987-BJXIK,0.017195472310901586,0
349,0516-QREYC,0.11806394602850113,0
5466,7693-LCKZL,0.6322574977147392,1
4603,6486-LHTMA,0.43581488171892163,0
2389,3419-SNJJD,0.25084861944933445,0
2788,3967-VQOGC,0.0033356152933640693,0
3802,5348-CAGXB,0.7130590297900178,1
4702,6625-UTXEW,0.3473510707317584,0
1828,2667-WYLWJ,0.09537883013354705,0
6916,9819-FBNSV,0.33775621653513554,0
354,0519-XUZJU,0.5364588468394478,1
6918,9821-BESNZ,0.20522344825255234,0
3516,4986-MXSFP,0.27681559744341927,0
107,0191-EQUUH,0.04090256813720611,0
3260,4660-IRIBM,0.3953822543759105,0
5753,8095-WANWK,0.2718340740454877,0
6687,9501-UKKNL,0.15695210854555885,0
6820,9688-YGXVR,0.30614069357637214,0
1104,1612-EOHDH,0.4569481838040905,0
4065,5730-RIITO,0.10675134491990738,0
120,0208-BPQEJ,0.11211963105585306,0
857,1241-FPMOF,0.0047131643212734746,0
1333,1984-FCOWB,0.19252532898741131,0
5011,7041-TXQJH,0.22493918692027426,0
3425,4853-RULSV,0.0796191131858271,0
5160,7253-UVNDW,0.01694426926068977,0
2470,3536-IQCTX,0.5080877077994164,1
7008,9943-VSZUV,0.20948162247017912,0
6417,9089-UOWJG,0.3362567646710865,0
1680,2452-KDRRH,0.4091174880676749,0
5385,7598-UAASY,0.5971163259350079,1
3617,5130-YPIRV,0.013985731172749363,0
5977,8429-XIBUM,0.5460440617680303,1
4050,5702-SKUOB,0.18251126559798542,0
2601,3716-BDVDB,0.7129436067207735,1
6119,8665-UTDHZ,0.5113816533132148,1
5566,7841-FCRQD,0.0512347289759594,0
3459,4903-UYAVB,0.17789029301201137,0
3614,5129-HHMZC,0.02676961486491924,0
4577,6458-CYIDZ,0.4889779640657897,0
6408,9073-ZZIAY,0.016440309374977598,0
2378,3404-JNXAX,0.27621135459968865,0
4338,6121-VZNQB,0.2882016769829257,0
2569,3672-YITQD,0.5684089524445247,1
4613,6505-OZNPG,0.15631602935471903,0
178,0289-IVARM,0.09401598804161986,0
96,0164-XAIRP,0.030920969802746473,0
5179,7284-BUYEC,0.5722376932263104,1
1726,2516-XSJKX,0.028009830749179176,0
5781,8138-EALND,0.11713543871309105,0
4461,6288-LBEAR,0.3182490680727941,0
2709,3858-VOBET,0.5866526221558453,1
5908,8316-BBQAY,0.015668069779842884,0
5706,8040-MNRTF,0.5364170026785421,1
6163,8731-WBBMB,0.15189365976974592,0
2532,3627-FCRDW,0.5653078211972429,1
5083,7139-JZFVG,0.006850387397453843,0
5802,8167-GJLRN,0.5215879841407757,1
5603,7890-VYYWG,0.6533977270373437,1
6603,9386-LDCZR,0.08401568202431343,0
3494,4950-BDEUX,0.31354937130253113,0
2744,3902-MIVLE,0.011089825259940038,0
783,1139-WUOAH,0.027737818945864554,0
4246,5986-WWXDV,0.014209876784923041,0
3379,4815-GBTCD,0.6386905467254375,1
2480,3549-ZTMNH,0.061932549604404266,0
3446,4884-LEVMQ,0.01289597442198388,0
3852,5419-CONWX,0.6557542522434539,1
6076,8612-GXIDD,0.06287456059038724,0
3079,4412-YLTKF,0.595621678689983,1
375,0559-CKHUS,0.021397616752040705,0
1348,2004-OCQXK,0.7334110712213382,1
4052,5707-ZMDJP,0.01462290612049214,0
4903,6904-JLBGY,0.09644475094842177,0
2574,3678-MNGZX,0.0016346842960456838,0
6935,9838-BFCQT,0.0018559042051923226,0
1312,1951-IEYXM,0.016605603991568428,0
608,0895-DQHEW,0.4271307065593505,0
2402,3439-GVUSX,0.5216850227545761,1
4435,6253-GNHWH,0.005606867770584902,0
1610,2346-DJQTB,0.19657008465035913,0
4229,5968-HYJRZ,0.006964862121894223,0
2549,3645-DEYGF,0.20773643168816897,0
928,1346-UFHAX,0.4820498839713959,0
2442,3500-NSDOA,0.010355779695538435,0
2624,3733-UOCWF,0.0951099681878465,0
3007,4304-TSPVK,0.05517731087624997,0
78,0128-MKWSG,0.15020603106136646,0
1621,2361-FJWNO,0.03995682218102992,0
2664,3785-NRHYR,0.224601227512276,0
4555,6419-ZTTLE,0.08502088628132785,0
1953,2831-EBWRN,0.5174921797459885,1
3096,4439-YRNVD,0.37267430566119225,0
788,1150-FTQGN,0.07267396803525557,0
384,0567-XRHCU,0.010981324831280139,0
6114,8659-HDIYE,0.05990406993227947,0
1070,1561-BWHIN,0.03880173166881888,0
1128,1657-DYMBM,0.004231069401659067,0
2372,3398-GCPMU,0.019748608946202555,0
4859,6849-OYAMU,0.19072285431299804,0
4176,5906-BFOZT,0.29219225504026547,0
853,1237-WIYYZ,0.13631116539991198,0
3063,4385-GZQXV,0.6712942271146759,1
1775,2592-YKDIF,0.2211541143019484,0
2067,2974-GGUXS,0.4459358106844169,0
1480,2188-SXWVT,0.03397591683504669,0
5666,7989-CHGTL,0.29218231200181655,0
2083,2988-QRAJY,0.08830942690170213,0
6615,9399-APLBT,0.613000501269533,1
6789,9637-CDTKZ,0.06753002217769569,0
5020,7055-HNEOJ,0.3350654897770453,0
1634,2378-HTWFW,0.3439152656462589,0
95,0164-APGRB,0.11770202540697786,0
3909,5499-ECUTN,0.04451381106200104,0
6773,9618-LFJRU,0.19366662908083457,0
2909,4139-SUGLD,0.09460713807518235,0
2140,3070-FNFZQ,0.019657281019683257,0
1907,2777-PHDEI,0.672916537134216,1
1962,2842-BCQGE,0.322751556968632,0
4902,6901-GOGZG,0.04022893213638632,0
2076,2984-RGEYA,0.0015025594479334083,0
1738,2530-ENDWQ,0.09891333366309765,0
6123,8671-KKKOS,0.10447245775281468,0
5786,8148-NLEGT,0.013035753429445436,0
1276,1897-OKVMW,0.021089215493883706,0
3384,4816-OKWNX,0.14316872711011333,0
2927,4182-BGSIQ,0.16970223793081915,0
4526,6376-GAHQE,0.6541351753568861,1
5874,8260-NGFNY,0.516704783731265,1
5856,8229-TNIQA,0.41600107708050515,0
1529,2236-HILPA,0.002250509439949891,0
150,0248-PGHBZ,0.04336493607335335,0
544,0804-XBFBV,0.45862465559074805,0
241,0369-ZGOVK,0.19648006310166546,0
5609,7901-HXJVA,0.5220838352395568,1
1528,2235-ZGKPT,0.3410007499909565,0
2751,3913-RDSJZ,0.003174831562753235,0
6794,9643-AVVWI,0.5286290743017011,1
5788,8149-AIQCG,0.3418724261345328,0
6308,8922-NPKBJ,0.007022742873710607,0
3193,4576-CSAJH,0.08449168097898205,0
770,1121-QSIVB,0.09760027522063236,0
2597,3712-PKXZA,0.006141264113180649,0
3302,4707-YNOQA,0.03188560525996758,0
3047,4361-FEBGN,0.005978823437975973,0
201,0318-QUUOB,0.7341800473929707,1
4659,6576-FBXOJ,0.25584440452449375,0
1701,2479-BRAMR,0.29208108958777207,0
2640,3752-CQSJI,0.14710017961397112,0
4498,6345-FZOQH,0.001683186813554434,0
5168,7270-BDIOA,0.5999966856611431,1
6064,8593-WHYHV,0.7636984169477872,1
3820,5372-FBKBN,0.07815167676147575,0
2835,4030-VPZBD,0.6166809072831767,1
4815,6772-KSATR,0.6738404147780258,1
41,0068-FIGTF,0.07784924460988718,0
4311,6080-LNESI,0.006628481372982476,0
1161,1705-GUHPV,0.003523884178002204,0
2959,4227-OJHAL,0.023838343574396154,0
567,0835-JKADZ,0.14499658415459357,0
2663,3785-KTYSH,0.005940232638051469,0
6437,9114-AAFQH,0.06620970293793563,0
5395,7605-SNLQG,0.09221978079449672,0
2132,3062-ICYZQ,0.2636899544248598,0
5276,7445-WMRBW,0.057988777302979126,0
6711,9530-GRMJG,0.033392036063003644,0
823,1205-WNWPJ,0.36685547356997794,0
5970,8413-VONUO,0.6398353377927033,1
4563,6434-TTGJP,0.07133026754274358,0
4782,6728-DKUCO,0.13507637227871377,0
1725,2516-VQRRV,0.7024616127205131,1
5198,7315-WYOAW,0.6210857963918105,1
5307,7501-VTYLJ,0.2775826824465588,0
1893,2749-CTKAJ,0.03317619797034862,0
3733,5248-YGIJN,0.01779528090927767,0
1473,2178-PMGCJ,0.43592662282692457,0
6557,9314-IJWSQ,0.6701709460953006,1
3033,4338-EYCER,0.21603483539197121,0
5057,7109-MFBYV,0.21740013967053665,0
2320,3318-NMQXL,0.7610036454308715,1
103,0186-CAERR,0.12798344082215435,0
3430,4860-IJUDE,0.4315883683615241,0
2309,3308-JSGML,0.036092499947565776,0
6710,9530-EHPOH,0.3956565203936692,0
4472,6305-YLBMM,0.1170451696896667,0
2262,3230-WYKIR,0.20818454740604642,0
7011,9945-PSVIP,0.023661277538270045,0
5486,7721-JXEAW,0.07439102172864707,0
2621,3727-RJMEO,0.7397676417191178,1
1520,2230-XTUWL,0.004728091855238906,0
3587,5084-OOVCJ,0.15112179793928673,0
5885,8270-RKSAP,0.6472808742664763,1
6057,8584-KMVXD,0.5043947429048922,1
4130,5842-POCOP,0.5017647190951295,1
1929,2805-AUFQN,0.02060394700234783,0
5196,7312-XSBAT,0.3698447331039772,0
3514,4983-CCWMC,0.61000310987617,1
545,0804-YGEQV,0.01873005059968247,0
1164,1709-EJDOX,0.0051717559530703155,0
1568,2277-DJJDL,0.45823850447349174,0
6656,9470-XCCEM,0.3825826097264135,0
2257,3224-DFQNQ,0.05353429829866031,0
5321,7517-LDMPS,0.6054261155750609,1
6120,8668-KNZTI,0.02858965232421431,0
5834,8207-DMRVL,0.04782969291050435,0
4451,6275-YDUVO,0.6335002582733507,1
372,0550-DCXLH,0.23264391228346715,0
3049,4365-MSDYN,0.20506424530624506,0
6953,9863-JZAIC,0.14746074126024278,0
5117,7197-VOJMM,0.00907187197693449,0
734,1084-UQCHV,0.5167679953434668,1
6535,9279-CJEOJ,0.6654572692486227,1
67,0112-QWPNC,0.063398207861804,0
6423,9095-HFAFX,0.6346311161631127,1
6270,8873-TMKGR,0.026621419310806103,0
1978,2862-PFNIK,0.6749974439146599,1
5673,7996-BPXHY,0.058569038613731646,0
2374,3399-BMLVW,0.007681095373102681,0
6447,9128-CPXKI,0.12488379112342211,0
4120,5828-DWPIL,0.23866730217777882,0
5653,7969-AULMZ,0.7151242519290475,1
1779,2603-HVKCG,0.5519086497619994,1
620,0909-SDHNU,0.3256784134195622,0
6476,9170-CCKOU,0.29379464007735784,0
2863,4080-OGPJL,0.31734235965789065,0
5413,7623-TRNQN,0.3616355653815045,0
4705,6629-LADHQ,0.27341771784057634,0
3252,4652-ODEVH,0.007687337261620786,0
6952,9862-KJTYK,0.35523212532134146,0
2764,3934-HXCFZ,0.4890557512864993,0
3083,4419-UJMUS,0.12485914218780622,0
5213,7336-RLLRH,0.08598107267082493,0
2553,3649-JPUGY,0.02606548708933506,0
4678,6599-GZWCM,0.28207451471820405,0
1072,1564-HJUVY,0.3398649616272926,0
6490,9199-PWQVC,0.03644537394382736,0
5396,7606-BPHHN,0.002230656010690315,0
3017,4317-VTEOA,0.4870107826518267,0
2131,3061-BCKYI,0.12271082423296252,0
5481,7716-YTYHG,0.17387567146029528,0
2344,3352-RICWQ,0.04234473633734505,0
181,0295-QVKPB,0.38047619687271234,0
1198,1764-VUUMT,0.0019232102104975082,0
4248,5989-OMNJE,0.1402128048977261,0
2270,3247-MHJKM,0.2245551798333982,0
7029,9972-NKTFD,0.09607839287194368,0
1617,2359-KLTEK,0.3821165031705956,0
6508,9231-ZJYAM,0.7614898762757311,1
3408,4829-ZLJTK,0.14201338796304855,0
710,1047-NNCBF,0.38149384334041564,0
4583,6465-GSRCL,0.14501900756240507,0
5891,8286-AFUYI,0.37004644330100106,0
2159,3092-IGHWF,0.08344866102005251,0
369,0541-FITGH,0.35732152436431897,0
1495,2203-GHNWN,0.4590853484163932,0
5642,7954-MLBUN,0.139233647912339,0
1840,2675-DHUTR,0.4736819820289553,0
5557,7824-PANSQ,0.1567652042596742,0
6225,8805-JNRAZ,0.29809829898632295,0
262,0390-DCFDQ,0.649032793136747,1
2756,3923-CSIHK,0.3124961687309494,0
6738,9570-KYEUA,0.050718301249568,0
729,1075-BGWOH,0.7529411082947572,1
4604,6490-FGZAT,0.1787853543607226,0
1290,1921-KYSAY,0.11523677520222153,0
4787,6732-FZUGP,0.14050702499071002,0
1270,1877-HKBQX,0.11365414330566999,0
6922,9822-WMWVG,0.357439744685716,0
600,0877-SDMBN,0.2016242050270247,0
5453,7672-VFMXZ,0.03780751444389761,0
3477,4926-UMJZD,0.12897265659619828,0
3439,4877-TSOFF,0.0283312133004287,0
6609,9391-TTOYH,0.1058004721216078,0
4725,6653-CBBOM,0.7088036572490367,1
5345,7551-DACSP,0.2932184497465724,0
126,0219-YTZUE,0.5401900660400862,1
635,0929-PECLO,0.30346580982621957,0
6692,9506-UXUSK,0.618808629591993,1
5243,7394-FKDNK,0.6360850340998443,1
2673,3797-FKOGQ,0.6124093490039427,1
3976,5600-PDUJF,0.3353001367719324,0
4616,6507-ZJSUR,0.6751848950591057,1
3934,5539-HIVAK,0.08355709811544826,0
4858,6848-YLDFR,0.03472794241478959,0
3101,4446-BZKHU,0.41527003378289346,0
304,0447-BEMNG,0.10564391573037223,0
2690,3813-DHBBB,0.010790325639933011,0
5499,7742-MYPGI,0.29183387264602584,0
1563,2274-XUATA,0.017149691717029337,0
4724,6652-YFFJO,0.5272803205241743,1
3531,5012-YSPJJ,0.08822749657953906,0
2037,2931-SVLTV,0.30513779868226976,0
4581,6463-MVYRY,0.015397103776437727,0
4564,6435-SRWBJ,0.6536471321146429,1
4905,6906-ANDWJ,0.5139148288682562,1
3226,4625-XMOYM,0.0027363606940810116,0
6329,8963-MQVYN,0.14413914963192054,0
1272,1891-QRQSA,0.1032816382443754,0
2156,3090-LETTY,0.24751687898467292,0
950,1376-HHBDV,0.13577301914456652,0
5518,7771-ZONAT,0.11608526963487666,0
410,0608-JDVEC,0.007258204709216987,0
2027,2925-MXLSX,0.12266786212286325,0
4524,6374-AFWOX,0.010745198490245493,0
773,1125-SNVCK,0.06779937736428007,0
4806,6762-NSODU,0.005534256668090232,0
2354,3373-DIUUN,0.014117369089400063,0
2877,4102-HLENU,0.007394880536663535,0
2337,3346-BRMIS,0.5986056606952571,1
3006,4302-ZYFEL,0.003547306425615068,0
3698,5204-QZXPU,0.5223609138183799,1
6754,9588-OZDMQ,0.5143443191901689,1
2600,3714-XPXBW,0.12598910131343974,0
4084,5766-ZJYBB,0.22462216049262762,0
436,0637-YLETY,0.5352497765788609,1
786,1142-WACZW,0.44011931904983026,0
1565,2276-YDAVZ,0.6565076358604244,1
3518,4988-IQIGL,0.7856074173839998,1
2866,4083-EUGRJ,0.15592254228723654,0
1930,2805-EDJPQ,0.11591786011398189,0
6618,9402-ROUMJ,0.08073957092227224,0
293,0431-APWVY,0.2962135180228829,0
4209,5944-UGLLK,0.05506596987817818,0
3845,5397-TUPSH,0.07981075647444029,0
2483,3551-HUAZH,0.7856843342760483,1
6880,9774-NRNAU,0.2832487076215863,0
6691,9505-SQFSW,0.41404863443399514,0
6914,9817-APLHW,0.22413633788414694,0
1042,1513-XNPPH,0.5938890442941533,1
2625,3733-ZEECP,0.2438902338791543,0
1862,2697-NQBPF,0.5345356600407919,1
2531,3623-FQBOX,0.11831223894408768,0
6910,9805-FILKB,0.012294187764737455,0
5134,7228-PAQPD,0.11538901308157061,0
521,0757-WCUUZ,0.022910656266508525,0
2883,4111-BNXIF,0.02926247441993266,0
4395,6198-RTPMF,0.6301565173461725,1
636,0930-EHUZA,0.04798221612175637,0
5329,7526-IVLYU,0.27020841688534913,0
2412,3452-GWUIN,0.7352472512398781,1
5958,8400-WZICQ,0.038627087722670456,0
2976,4254-QPEDE,0.020285800965992737,0
691,1023-BQXZE,0.03083240986273304,0
3653,5161-XEUVX,0.11225485355615553,0
2974,4250-WAROZ,0.2895697607056804,0
3086,4423-YLHDV,0.5138092331275648,1
6631,9424-CMPOG,0.04293254543067297,0
507,0742-MOABM,0.2607296763759912,0
5474,7706-DZNKK,0.19161704725394715,0
1882,2729-VNVAP,0.011151826439985997,0
5963,8404-GFGCZ,0.4958246698901862,0
3032,4335-UPJSI,0.02009086691536299,0
3051,4367-NHWMM,0.6037719297121898,1
6092,8630-FJLIB,0.5647933694134051,1
6211,8780-RSYYU,0.0964275294481584,0
4899,6899-PPEEA,0.6619389851149386,1
528,0774-RMNUW,0.007961505345970689,0
1323,1965-DDBWU,0.535358710834733,1
2249,3212-KXOCR,0.0048640258160083175,0
277,0409-WTMPL,0.16630281731756197,0
589,0867-MKZVY,0.41562247039222555,0
5549,7814-LEEVE,0.2723436576025358,0
5602,7883-ROJOC,0.18607945080122207,0
3398,4825-FUREZ,0.011240076871661816,0
3787,5325-UWTWJ,0.2567256486341498,0
2534,3629-WEAAM,0.26092795002608526,0
2336,3345-PBBFH,0.3037068896121725,0
2111,3030-YDNRM,0.701980629730536,1
1876,2722-JMONI,0.4790619564626768,0
3282,4690-LLKUA,0.41533586691737195,0
3018,4318-RAJVY,0.10160475429672049,0
3819,5371-VYLSX,0.2926919290329812,0
5331,7529-ZDFXI,0.3623740095161663,0
450,0661-WCQNQ,0.07246812820102794,0
5050,7103-IPXPJ,0.2268898326545521,0
2544,3640-PHQXK,0.5804200389096097,1
6427,9101-NTIXF,0.21575834694422252,0
1698,2475-MROZF,0.2684948428954199,0
5972,8414-MYSHR,0.785169646612871,1
4317,6087-YPWHO,0.00502910696952717,0
1713,2495-TTHBQ,0.12566334305033308,0
6343,8982-NHAVY,0.3938924525385142,0
2295,3280-MRDOF,0.09629875732915383,0
1506,2209-XADXF,0.5166987807829425,1
2493,3569-EDBPQ,0.42373926053377575,0
5437,7654-YWJUF,0.08721257810878898,0
1745,2542-HYGIQ,0.2211872403234949,0
4320,6094-ZIVKX,0.0140251595447732,0
2449,3508-VLHCZ,0.016019835601884164,0
1435,2115-BFTIW,0.33301055633097937,0
1293,1925-TIBLE,0.7323855200390259,1
5202,7319-ZNRTR,0.03998462258671423,0
133,0224-RLWWD,0.5813381403323018,1
3203,4588-YBNIB,0.28815236632437585,0
1512,2223-GDSHL,0.0705995493019302,0
4911,6910-HADCM,0.6191470762935102,1
626,0921-OHLVP,0.5538999556438328,1
6238,8819-WFGGJ,0.021809866850775614,0
2173,3106-ULWFW,0.6250297688516873,1
6364,9018-PCIOK,0.024762209886419785,0
4406,6211-WWLTF,0.05940785568215376,0
1850,2684-EIWEO,0.28102005906420496,0
5992,8450-UYIBU,0.38151977827772304,0
4826,6791-YBNAK,0.2682050198960584,0
2276,3254-YRILK,0.6797769423213292,1
3290,4698-KVLLG,0.005831945912960471,0
5398,7608-RGIRO,0.004550110570761027,0
6034,8547-NSBBO,0.24898898876264772,0
5144,7241-AJHFS,0.22870103759243657,0
5672,7995-ZHHNZ,0.03664157004304696,0
3305,4710-NKCAW,0.1691800613374067,0
4635,6542-LWGXJ,0.47540473397499566,0
1114,1626-ERCMM,0.7374902289975183,1
6494,9208-OLGAQ,0.6479280876975739,1
3054,4369-NYSCF,0.04624274555211277,0
1877,2722-VOJQL,0.16811482193167554,0
2577,3682-YEUWS,0.20589823852264363,0
3539,5018-HEKFO,0.23399504764095866,0
547,0810-BDHAW,0.11723036813075052,0
2679,3803-KMQFW,0.19214273577198043,0
1009,1455-UGQVH,0.7478115779222275,1
5388,7601-DHFWZ,0.007714275015120493,0
2608,3719-TDVQB,0.0065037224532670974,0
706,1042-HFUCW,0.06512627051519133,0
5530,7786-WBJYI,0.49761193465097214,0
2107,3023-GFLBR,0.3320964170481549,0
5478,7711-GQBZC,0.0019112022865793252,0
1421,2091-MJTFX,0.20765861985966932,0
3420,4847-QNOKA,0.448347995498106,0
5845,8220-OCUFY,0.10896854248778756,0
1637,2379-ENZGV,0.6673834560982408,1
4077,5759-RCVCB,0.5381976951680933,1
129,0221-WMXNQ,0.563201598758727,1
6761,9600-UDOPK,0.5492180577085615,1
3637,5148-ORICT,0.010595914714709043,0
4424,6235-VDHOM,0.5451038706133949,1
1838,2674-MIAHT,0.5866305876803177,1
2183,3129-AAQOU,0.030613540188157852,0
5,0013-MHZWF,0.35628992415717836,0
4164,5887-IKKYO,0.06098800918922268,0
6849,9732-EQMWY,0.3445037250697659,0
5922,8337-MSSXB,0.5899693355754948,1
404,0602-DDUML,0.013835250679511538,0
6265,8868-WOZGU,0.6296732135323194,1
2238,3197-NNYNB,0.085509706416171,0
3141,4508-OEBEY,0.05419429602655391,0
5955,8397-MVTAZ,0.6280056183479937,1
6332,8966-SNIZF,0.0015122778758688785,0
4617,6508-NJYRO,0.05349476087870013,0
3573,5062-CJJKH,0.056910797066096905,0
5443,7663-RGWBC,0.453281368944794,0
2235,3195-TQDZX,0.3525609242510404,0
4003,5649-ANRML,0.5554037946302326,1
5699,8033-ATFAS,0.14529639659300383,0
6877,9770-KXGQU,0.10239867874043593,0
428,0623-IIHUG,0.4610148849787551,0
3209,4598-ZADCK,0.05019335140771304,0
2174,3108-PCCGG,0.01668669498008544,0
4811,6769-DYBQN,0.30136776870447285,0
921,1337-BOZWO,0.1466650133398468,0
5624,7925-PNRGI,0.059660292430163166,0
1202,1768-HNVGJ,0.16922901638390142,0
1945,2823-LKABH,0.5085933172675908,1
5136,7233-IOQNP,0.05863040525510231,0
1883,2731-GJRDG,0.25692799418087825,0
3097,4441-NIHPT,0.6480719193383419,1
2727,3882-IYOIJ,0.054123180275081895,0
6042,8563-IIOXK,0.1982482383912333,0
836,1217-VASWC,0.2422593360245688,0
4573,6447-EGDIV,0.02443546010723756,0
6585,9361-YNQWJ,0.007505345689067531,0
3071,4393-RYCRE,0.22627339346954195,0
1097,1597-FZREH,0.44379032103433647,0
6441,9117-SHLZX,0.45309670260191287,0
5985,8441-SHIPE,0.004155108556756859,0
2452,3511-BFTJW,0.004152299171144732,0
983,1428-GTBJJ,0.5782554324562369,1
